"germline_call","note","polymorphism_call","nt_substitutions","novel_imgt","novel_imgt_count","novel_imgt_unique_j","novel_imgt_unique_cdr3","perfect_match_count","perfect_match_freq","germline_call_count","germline_call_freq","mut_min","mut_max","mut_pass_count","germline_imgt","germline_imgt_count","pos_min","pos_max","y_intercept","y_intercept_pass","snp_pass","unmutated_count","unmutated_freq","unmutated_snp_j_gene_length_count","snp_min_seqs_j_max_pass","alpha","min_seqs","j_max","min_frac"
"IGHV1-2*02","No positions pass y-intercept test.",NA,NA,NA,NA,NA,NA,NA,NA,2597,0.148,1,10,374,"CAGGTGCAGCTGGTGCAGTCTGGGGCT...GAGGTGAAGAAGCCTGGGGCCTCAGTGAAGGTCTCCTGCAAGGCTTCTGGATACACCTTC............ACCGGCTACTATATGCACTGGGTGCGACAGGCCCCTGGACAAGGGCTTGAGTGGATGGGATGGATCAACCCTAAC......AGTGGTGGCACAAACTATGCACAGAAGTTTCAG...GGCAGGGTCACCATGACCAGGGACACGTCCATCAGCACAGCCTACATGGAGCTGAGCAGGCTGAGATCTGACGACACGGCCGTGTATTACTGTGCGAGAGA",1538,1,312,0.125,0,NA,NA,NA,NA,NA,0.05,50,0.15,0.75
"IGHV1-2*04","No positions pass y-intercept test.",NA,NA,NA,NA,NA,NA,NA,NA,923,0.053,1,10,115,"CAGGTGCAGCTGGTGCAGTCTGGGGCT...GAGGTGAAGAAGCCTGGGGCCTCAGTGAAGGTCTCCTGCAAGGCTTCTGGATACACCTTC............ACCGGCTACTATATGCACTGGGTGCGACAGGCCCCTGGACAAGGGCTTGAGTGGATGGGATGGATCAACCCTAAC......AGTGGTGGCACAAACTATGCACAGAAGTTTCAG...GGCTGGGTCACCATGACCAGGGACACGTCCATCAGCACAGCCTACATGGAGCTGAGCAGGCTGAGATCTGACGACACGGCCGTGTATTACTGTGCGAGAGA",667,1,312,0.125,0,NA,NA,NA,NA,NA,0.05,50,0.15,0.75
"IGHV1-3*01","No positions pass y-intercept test.",NA,NA,NA,NA,NA,NA,NA,NA,912,0.052,1,10,129,"CAGGTCCAGCTTGTGCAGTCTGGGGCT...GAGGTGAAGAAGCCTGGGGCCTCAGTGAAGGTTTCCTGCAAGGCTTCTGGATACACCTTC............ACTAGCTATGCTATGCATTGGGTGCGCCAGGCCCCCGGACAAAGGCTTGAGTGGATGGGATGGATCAACGCTGGC......AATGGTAACACAAAATATTCACAGAAGTTCCAG...GGCAGAGTCACCATTACCAGGGACACATCCGCGAGCACAGCCTACATGGAGCTGAGCAGCCTGAGATCTGAAGACACGGCTGTGTATTACTGTGCGAGAGA",526,1,312,0.125,0,NA,NA,NA,NA,NA,0.05,50,0.15,0.75
"IGHV1-8*01","No positions pass y-intercept test.",NA,NA,NA,NA,NA,NA,NA,NA,1336,0.076,1,10,131,"CAGGTGCAGCTGGTGCAGTCTGGGGCT...GAGGTGAAGAAGCCTGGGGCCTCAGTGAAGGTCTCCTGCAAGGCTTCTGGATACACCTTC............ACCAGTTATGATATCAACTGGGTGCGACAGGCCACTGGACAAGGGCTTGAGTGGATGGGATGGATGAACCCTAAC......AGTGGTAACACAGGCTATGCACAGAAGTTCCAG...GGCAGAGTCACCATGACCAGGAACACCTCCATAAGCACAGCCTACATGGAGCTGAGCAGCCTGAGATCTGAGGACACGGCCGTGTATTACTGTGCGAGAGG",1006,1,312,0.125,0,NA,NA,NA,NA,NA,0.05,50,0.15,0.75
"IGHV1-8*02","Novel allele found!","IGHV1-8*02_G234T","234G>T","CAGGTGCAGCTGGTGCAGTCTGGGGCT...GAGGTGAAGAAGCCTGGGGCCTCAGTGAAGGTCTCCTGCAAGGCTTCTGGATACACCTTC............ACCAGCTATGATATCAACTGGGTGCGACAGGCCACTGGACAAGGGCTTGAGTGGATGGGATGGATGAACCCTAAC......AGTGGTAACACAGGCTATGCACAGAAGTTCCAG...GGCAGAGTCACCATTACCAGGAACACCTCCATAAGCACAGCCTACATGGAGCTGAGCAGCCTGAGATCTGAGGACACGGCCGTGTATTACTGTGCGAGAGG",657,6,626,661,0.729580573951435,906,0.052,1,10,760,"CAGGTGCAGCTGGTGCAGTCTGGGGCT...GAGGTGAAGAAGCCTGGGGCCTCAGTGAAGGTCTCCTGCAAGGCTTCTGGATACACCTTC............ACCAGCTATGATATCAACTGGGTGCGACAGGCCACTGGACAAGGGCTTGAGTGGATGGGATGGATGAACCCTAAC......AGTGGTAACACAGGCTATGCACAGAAGTTCCAG...GGCAGAGTCACCATGACCAGGAACACCTCCATAAGCACAGCCTACATGGAGCTGAGCAGCCTGAGATCTGAGGACACGGCCGTGTATTACTGTGCGAGAGG",0,1,312,0.125,1,754,661,0.729580573951435,83,1,0.05,50,0.15,0.75
"IGHV1-18*01","No positions pass y-intercept test.",NA,NA,NA,NA,NA,NA,NA,NA,2906,0.165,1,10,315,"CAGGTTCAGCTGGTGCAGTCTGGAGCT...GAGGTGAAGAAGCCTGGGGCCTCAGTGAAGGTCTCCTGCAAGGCTTCTGGTTACACCTTT............ACCAGCTATGGTATCAGCTGGGTGCGACAGGCCCCTGGACAAGGGCTTGAGTGGATGGGATGGATCAGCGCTTAC......AATGGTAACACAAACTATGCACAGAAGCTCCAG...GGCAGAGTCACCATGACCACAGACACATCCACGAGCACAGCCTACATGGAGCTGAGGAGCCTGAGATCTGACGACACGGCCGTGTATTACTGTGCGAGAGA",2101,1,312,0.125,0,NA,NA,NA,NA,NA,0.05,50,0.15,0.75
"IGHV1-24*01","No positions pass y-intercept test.",NA,NA,NA,NA,NA,NA,NA,NA,633,0.036,1,10,86,"CAGGTCCAGCTGGTACAGTCTGGGGCT...GAGGTGAAGAAGCCTGGGGCCTCAGTGAAGGTCTCCTGCAAGGTTTCCGGATACACCCTC............ACTGAATTATCCATGCACTGGGTGCGACAGGCTCCTGGAAAAGGGCTTGAGTGGATGGGAGGTTTTGATCCTGAA......GATGGTGAAACAATCTACGCACAGAAGTTCCAG...GGCAGAGTCACCATGACCGAGGACACATCTACAGACACAGCCTACATGGAGCTGAGCAGCCTGAGATCTGAGGACACGGCCGTGTATTACTGTGCAACAGA",491,1,312,0.125,0,NA,NA,NA,NA,NA,0.05,50,0.15,0.75
"IGHV1-46*01","No positions pass y-intercept test.",NA,NA,NA,NA,NA,NA,NA,NA,1766,0.101,1,10,234,"CAGGTGCAGCTGGTGCAGTCTGGGGCT...GAGGTGAAGAAGCCTGGGGCCTCAGTGAAGGTTTCCTGCAAGGCATCTGGATACACCTTC............ACCAGCTACTATATGCACTGGGTGCGACAGGCCCCTGGACAAGGGCTTGAGTGGATGGGAATAATCAACCCTAGT......GGTGGTAGCACAAGCTACGCACAGAAGTTCCAG...GGCAGAGTCACCATGACCAGGGACACGTCCACGAGCACAGTCTACATGGAGCTGAGCAGCCTGAGATCTGAGGACACGGCCGTGTATTACTGTGCGAGAGA",1219,1,312,0.125,0,NA,NA,NA,NA,NA,0.05,50,0.15,0.75
"IGHV1-46*03","No positions pass y-intercept test.",NA,NA,NA,NA,NA,NA,NA,NA,1766,0.101,1,10,234,"CAGGTGCAGCTGGTGCAGTCTGGGGCT...GAGGTGAAGAAGCCTGGGGCCTCAGTGAAGGTTTCCTGCAAGGCATCTGGATACACCTTC............ACCAGCTACTATATGCACTGGGTGCGACAGGCCCCTGGACAAGGGCTTGAGTGGATGGGAATAATCAACCCTAGT......GGTGGTAGCACAAGCTACGCACAGAAGTTCCAG...GGCAGAGTCACCATGACCAGGGACACGTCCACGAGCACAGTCTACATGGAGCTGAGCAGCCTGAGATCTGAGGACACGGCCGTGTATTACTGTGCTAGAGA",1219,1,312,0.125,0,NA,NA,NA,NA,NA,0.05,50,0.15,0.75
"IGHV1-69*01","No positions pass y-intercept test.",NA,NA,NA,NA,NA,NA,NA,NA,2512,0.143,1,10,179,"CAGGTGCAGCTGGTGCAGTCTGGGGCT...GAGGTGAAGAAGCCTGGGTCCTCGGTGAAGGTCTCCTGCAAGGCTTCTGGAGGCACCTTC............AGCAGCTATGCTATCAGCTGGGTGCGACAGGCCCCTGGACAAGGGCTTGAGTGGATGGGAGGGATCATCCCTATC......TTTGGTACAGCAAACTACGCACAGAAGTTCCAG...GGCAGAGTCACGATTACCGCGGACGAATCCACGAGCACAGCCTACATGGAGCTGAGCAGCCTGAGATCTGAGGACACGGCCGTGTATTACTGTGCGAGAGA",1989,1,312,0.125,0,NA,NA,NA,NA,NA,0.05,50,0.15,0.75
"IGHV1-69*04","No positions pass y-intercept test.",NA,NA,NA,NA,NA,NA,NA,NA,1268,0.072,1,10,104,"CAGGTCCAGCTGGTGCAGTCTGGGGCT...GAGGTGAAGAAGCCTGGGTCCTCGGTGAAGGTCTCCTGCAAGGCTTCTGGAGGCACCTTC............AGCAGCTATGCTATCAGCTGGGTGCGACAGGCCCCTGGACAAGGGCTTGAGTGGATGGGAAGGATCATCCCTATC......CTTGGTATAGCAAACTACGCACAGAAGTTCCAG...GGCAGAGTCACGATTACCGCGGACAAATCCACGAGCACAGCCTACATGGAGCTGAGCAGCCTGAGATCTGAGGACACGGCCGTGTATTACTGTGCGAGAGA",1023,1,312,0.125,0,NA,NA,NA,NA,NA,0.05,50,0.15,0.75
"IGHV1-69*06","No positions pass y-intercept test.",NA,NA,NA,NA,NA,NA,NA,NA,1496,0.085,1,10,106,"CAGGTGCAGCTGGTGCAGTCTGGGGCT...GAGGTGAAGAAGCCTGGGTCCTCGGTGAAGGTCTCCTGCAAGGCTTCTGGAGGCACCTTC............AGCAGCTATGCTATCAGCTGGGTGCGACAGGCCCCTGGACAAGGGCTTGAGTGGATGGGAGGGATCATCCCTATC......TTTGGTACAGCAAACTACGCACAGAAGTTCCAG...GGCAGAGTCACGATTACCGCGGACAAATCCACGAGCACAGCCTACATGGAGCTGAGCAGCCTGAGATCTGAGGACACGGCCGTGTATTACTGTGCGAGAGA",1174,1,312,0.125,0,NA,NA,NA,NA,NA,0.05,50,0.15,0.75
